1	test fn	test_max_amount_tracks_proof_width	crates/z00z_core/src/assets/amount.rs	31	test_max_amount_proof_width
2	test fn	test_max_amount_for_bits_bounds	crates/z00z_core/src/assets/amount.rs	37	test_max_amount_bits_bounds
3	test fn	test_native_fee_asset_matcher_accepts_canonical_coin	crates/z00z_core/src/assets/gas.rs	334	test_native_fee_canonical_coin
4	test fn	test_native_fee_asset_matcher_rejects_class_only_coin	crates/z00z_core/src/assets/gas.rs	342	test_native_fee_only_coin
5	test fn	test_native_fee_asset_matcher_rejects_flag_only_asset	crates/z00z_core/src/assets/gas.rs	350	test_native_fee_only_asset
6	test fn	test_native_fee_asset_matcher_rejects_near_canonical_asset	crates/z00z_core/src/assets/gas.rs	358	test_native_fee_canonical_asset
7	test fn	test_registry_version_hash_changes_on_payload_drift	crates/z00z_core/src/assets/snapshot.rs	227	test_registry_version_payload_drift
8	test fn	test_registry_version_hash_changes_on_name_drift	crates/z00z_core/src/assets/snapshot.rs	239	test_registry_version_name_drift
9	test fn	test_registry_version_hash_changes_on_policy_flag_drift	crates/z00z_core/src/assets/snapshot.rs	251	test_registry_version_flag_drift
10	test fn	test_registry_version_hash_changes_on_metadata_drift	crates/z00z_core/src/assets/snapshot.rs	263	test_registry_version_metadata_drift
11	test fn	test_registry_version_hash_is_stable_for_sorted_payloads	crates/z00z_core/src/assets/snapshot.rs	278	test_registry_version_sorted_payloads
12	test fn	test_registry_version_hash_changes_on_version_drift	crates/z00z_core/src/assets/snapshot.rs	296	test_registry_version_version_drift
13	test fn	test_asset_tag16_without_payload_fails	crates/z00z_core/src/assets/test_asset_suite.rs	137	test_asset_tag16_payload_fails
14	test fn	test_checked_add_overflow_returns_error	crates/z00z_core/src/assets/test_asset_suite.rs	1139	test_checked_add_returns_error
15	test fn	test_decode_asset_pack_basic_lane	crates/z00z_core/src/assets/test_leaf_suite.rs	323	test_decode_asset_basic_lane
16	test fn	test_decode_asset_pack_memo_lane	crates/z00z_core/src/assets/test_leaf_suite.rs	337	test_decode_asset_memo_lane
17	test fn	test_decode_asset_pack_unknown_lane	crates/z00z_core/src/assets/test_leaf_suite.rs	353	test_decode_asset_unknown_lane
18	test fn	test_try_get_timestamp_micros_before_epoch	crates/z00z_core/src/assets/test_nonce_suite.rs	72	test_try_get_before_epoch
19	test fn	test_try_derive_nonce_simple_before_epoch	crates/z00z_core/src/assets/test_nonce_suite.rs	83	test_try_derive_before_epoch
20	test fn	test_try_derive_nonce_minimal_before_epoch	crates/z00z_core/src/assets/test_nonce_suite.rs	95	test_try_nonce_minimal_epoch
21	test fn	test_increment_unsafe_before_epoch_fails_closed	crates/z00z_core/src/assets/test_nonce_suite.rs	107	test_increment_unsafe_fails_closed
22	test fn	test_set_value_recovery_before_epoch_fails_closed	crates/z00z_core/src/assets/test_nonce_suite.rs	122	test_set_value_fails_closed
23	test fn	test_snapshot_rejects_payload_drift_with_stable_id	crates/z00z_core/src/assets/test_registry_suite.rs	605	test_snapshot_rejects_stable_id
25	test fn	test_create_snapshot_does_not_advance_version	crates/z00z_core/src/assets/test_registry_suite.rs	791	test_create_snapshot_advance_version
27	test fn	test_from_asset_clones_definition_not_arc	crates/z00z_core/src/assets/test_wire.rs	211	test_from_asset_not_arc
29	test fn	test_to_asset_rejects_invalid_serial_id	crates/z00z_core/src/assets/test_wire.rs	236	test_to_asset_serial_id
31	test fn	test_verify_complete_on_roundtrip_asset	crates/z00z_core/src/assets/test_wire.rs	293	test_verify_complete_roundtrip_asset
33	test fn	test_asset_pack_encoding_matches_commitment_inputs	crates/z00z_core/src/assets/test_wire.rs	321	test_asset_pack_commitment_inputs
35	test fn	test_asset_pack_encoding_rejects_extra_bytes	crates/z00z_core/src/assets/test_wire.rs	375	test_asset_pack_extra_bytes
37	test fn	test_asset_pack_encoding_supports_max_u64_value	crates/z00z_core/src/assets/test_wire.rs	398	test_asset_pack_u64_value
39	test fn	partial_stealth_reject	crates/z00z_core/tests/assets/stealth_consistency.rs	22	test_partial_stealth_reject
41	test fn	needs_full_stealth_ad_id	crates/z00z_core/tests/assets/stealth_consistency.rs	65	test_needs_full_ad_id
43	test fn	prop_different_nonces_different_assets	crates/z00z_core/tests/assets/test_property_based.rs	120	test_prop_different_different_assets
45	test fn	prop_asset_class_coin_preserved	crates/z00z_core/tests/assets/test_property_based.rs	204	test_prop_asset_coin_preserved
47	test fn	prop_zero_amount_rejected	crates/z00z_core/tests/assets/test_property_based.rs	270	test_prop_zero_amount_rejected
49	test fn	bench_sequential_vs_batch_100	crates/z00z_core/tests/genesis/test_batch_verification.rs	226	test_bench_vs_batch_100
51	test fn	proptest_blinding_determinism	crates/z00z_core/tests/genesis/test_security_validation.rs	24	test_proptest_blinding_determinism
53	test fn	proptest_domain_separation	crates/z00z_core/tests/genesis/test_security_validation.rs	75	test_proptest_domain_separation
55	test fn	requires_error	crates/z00z_crypto/src/error.rs	379	test_requires_error
57	test fn	view_sk_deterministic	crates/z00z_crypto/src/kdf/test_kdf_suite.rs	510	test_view_sk_deterministic
59	test fn	owner_tag_deterministic	crates/z00z_crypto/src/kdf/test_kdf_suite.rs	526	test_owner_tag_deterministic
61	test fn	leaf_ad_deterministic	crates/z00z_crypto/src/kdf/test_kdf_suite.rs	543	test_leaf_ad_deterministic
63	test fn	different_k_dh	crates/z00z_crypto/src/kdf/test_kdf_suite.rs	570	test_different_k_dh
65	test fn	different_serial_id	crates/z00z_crypto/src/kdf/test_kdf_suite.rs	590	test_different_serial_id
67	test fn	h2scalar_deterministic	crates/z00z_crypto/src/kdf/test_kdf_suite.rs	624	test_h2scalar_deterministic
69	test fn	h2scalar_not_zero	crates/z00z_crypto/src/kdf/test_kdf_suite.rs	638	test_h2scalar_not_zero
71	test fn	kdf_consensus_deterministic	crates/z00z_crypto/src/kdf/test_kdf_suite.rs	654	test_kdf_consensus_deterministic
73	test fn	kdf_domain_sep	crates/z00z_crypto/src/kdf/test_kdf_suite.rs	670	test_kdf_domain_sep
75	test fn	wallet_var_len	crates/z00z_crypto/src/kdf/test_kdf_suite.rs	686	test_wallet_var_len
77	test fn	pack_key_deterministic	crates/z00z_crypto/src/kdf/test_kdf_suite.rs	702	test_pack_key_deterministic
79	test fn	dual_keys_distinct	crates/z00z_crypto/src/kdf/test_kdf_suite.rs	720	test_dual_keys_distinct
81	test fn	reject_identity_dh	crates/z00z_crypto/src/kdf/test_kdf_suite.rs	737	test_reject_identity_dh
83	test fn	hedged_diff_entropy	crates/z00z_crypto/src/kdf/test_kdf_suite.rs	754	test_hedged_diff_entropy
85	test fn	test_proof_size_validation_extended_lane	crates/z00z_crypto/src/types/test_types_suite.rs	60	test_proof_size_extended_lane
87	test fn	corrupted_data_truncated_hash	crates/z00z_crypto/tests/corrupted_data_handling.rs	35	test_corrupted_data_truncated_hash
89	test fn	test_hkdf_empty_salt_short_ikm	crates/z00z_crypto/tests/security_edge_cases.rs	131	test_hkdf_empty_short_ikm
91	test fn	test_claim_hash_uses_claim_contract_label	crates/z00z_crypto/tests/test_claim_contract.rs	78	test_claim_hash_contract_label
93	test fn	try_hmac_nonzero_outputs	crates/z00z_crypto/tests/test_fail_closed.rs	13	test_try_hmac_nonzero_outputs
95	test fn	aead_test_helpers_hidden	crates/z00z_crypto/tests/test_public_surface.rs	207	test_aead_test_helpers_hidden
97	test fn	verify_domain_uniqueness	crates/z00z_crypto/tests/zkpack_domain_verification.rs	50	test_verify_domain_uniqueness
99	test fn	test_crate_docs_limit_scope_to_transport_and_dispatch	crates/z00z_networks/rpc/src/lib.rs	112	test_crate_docs_and_dispatch
101	test fn	test_zero_out_limits_reject_tx	crates/z00z_rollup_node/src/lib.rs	133	test_zero_out_reject_tx
103	test fn	reject_tampered_stage4_metadata	crates/z00z_simulator/examples/simulator_interop/support.rs	301	test_reject_tampered_stage4_metadata
105	test fn	split_fraction_fail	crates/z00z_simulator/src/scenario_1/stage_4_utils/test_tx_lane_runtime_suite.rs	43	test_split_fraction_fail
107	test fn	split_mode_fail	crates/z00z_simulator/src/scenario_1/stage_4_utils/test_tx_lane_runtime_suite.rs	91	test_split_mode_fail
109	test fn	stage4_pick_fail	crates/z00z_simulator/src/scenario_1/stage_4_utils/test_tx_lane_runtime_suite.rs	122	test_stage4_pick_fail
111	test fn	fee_gate_rejects_mismatch	crates/z00z_simulator/src/scenario_1/stage_4_utils/test_tx_lane_runtime_suite.rs	159	test_fee_gate_rejects_mismatch
113	test fn	tx_out_roles_match_party	crates/z00z_simulator/src/scenario_1/stage_4_utils/test_tx_lane_runtime_suite.rs	177	test_tx_out_match_party
115	test fn	output_value_fail	crates/z00z_simulator/src/scenario_1/stage_4_utils/test_tx_lane_runtime_suite.rs	219	test_output_value_fail
117	test fn	output_range_fail	crates/z00z_simulator/src/scenario_1/stage_4_utils/test_tx_lane_runtime_suite.rs	261	test_output_range_fail
119	test fn	balance_gate_fail	crates/z00z_simulator/src/scenario_1/stage_4_utils/test_tx_lane_runtime_suite.rs	283	test_balance_gate_fail
121	test fn	witness_gate_fail	crates/z00z_simulator/src/scenario_1/stage_4_utils/test_tx_lane_runtime_suite.rs	318	test_witness_gate_fail
123	test fn	tx_validation_rejects_chain_id	crates/z00z_simulator/src/scenario_1/stage_4_utils/test_tx_lane_runtime_suite.rs	443	test_tx_validation_chain_id
125	test fn	stage4_metadata_uses_scenario_chain	crates/z00z_simulator/src/scenario_1/stage_4_utils/tx_lane_runtime_flow.rs	447	test_stage4_metadata_scenario_chain
127	test fn	cp_ok	crates/z00z_simulator/src/scenario_1/stage_6_utils/test_bundle_lane_impl_suite.rs	138	test_cp_ok
129	test fn	reject_bad_member	crates/z00z_simulator/src/scenario_1/stage_6_utils/test_bundle_lane_impl_suite.rs	167	test_reject_bad_member
131	test fn	demo_prev_spent	crates/z00z_simulator/src/scenario_1/stage_6_utils/test_bundle_lane_impl_suite.rs	184	test_demo_prev_spent
133	test fn	reject_dup_frag	crates/z00z_simulator/src/scenario_1/stage_6_utils/test_bundle_lane_impl_suite.rs	204	test_reject_dup_frag
135	test fn	reject_no_inputs	crates/z00z_simulator/src/scenario_1/stage_6_utils/test_bundle_lane_impl_suite.rs	220	test_reject_no_inputs
137	test fn	demo_expected_digest	crates/z00z_simulator/src/scenario_1/stage_6_utils/test_bundle_lane_impl_suite.rs	236	test_demo_expected_digest
139	test fn	frag_uses_input	crates/z00z_simulator/src/scenario_1/stage_6_utils/test_bundle_lane_impl_suite.rs	262	test_frag_uses_input
141	test fn	frag_hex_case	crates/z00z_simulator/src/scenario_1/stage_6_utils/test_bundle_lane_impl_suite.rs	294	test_frag_hex_case
143	test fn	snapshot_rejects_root_mix	crates/z00z_simulator/src/scenario_1/stage_6_utils/test_bundle_lane_impl_suite.rs	326	test_snapshot_rejects_root_mix
145	test fn	prep_idx_rejects_lookup_root	crates/z00z_simulator/src/scenario_1/stage_6_utils/test_bundle_lane_impl_suite.rs	356	test_prep_idx_lookup_root
147	test fn	simulator_readme_records_harness_contract	crates/z00z_simulator/tests/test_architecture_boundaries.rs	48	test_simulator_readme_harness_contract
149	test fn	stage4_artifacts_pre_acceptance	crates/z00z_simulator/tests/test_checkpoint_acceptance.rs	187	test_stage4_artifacts_pre_acceptance
151	test fn	stage11_rejects_package_proof_tamper	crates/z00z_simulator/tests/test_checkpoint_acceptance.rs	323	test_stage11_rejects_proof_tamper
153	test fn	post_rejects_replayed_input_row	crates/z00z_simulator/tests/test_checkpoint_acceptance.rs	413	test_post_rejects_input_row
155	test fn	tx_prepare_core_only	crates/z00z_simulator/tests/test_claim_acceptance.rs	133	test_tx_prepare_core_only
157	test fn	claim_publish_uses_stage3_paths	crates/z00z_simulator/tests/test_claim_acceptance.rs	227	test_claim_publish_stage3_paths
159	test fn	stage3_crypto_ok	crates/z00z_simulator/tests/test_claim_crypto.rs	100	test_stage3_crypto_ok
161	test fn	stage3_double_claim_rejected	crates/z00z_simulator/tests/test_claim_integration.rs	233	test_stage3_double_claim_rejected
163	test fn	stage3_claim_event_valid	crates/z00z_simulator/tests/test_claim_integration.rs	300	test_stage3_claim_event_valid
165	test fn	stage3_claimed_nonces_unique	crates/z00z_simulator/tests/test_claim_integration.rs	340	test_stage3_claimed_nonces_unique
167	test fn	stage3_snapshot_vs_json_balance	crates/z00z_simulator/tests/test_claim_integration.rs	386	test_stage3_snapshot_json_balance
169	test fn	stage3_resume_artifacts_written	crates/z00z_simulator/tests/test_claim_integration.rs	457	test_stage3_resume_artifacts_written
171	test fn	neg_tampered_owner_sig_rejected	crates/z00z_simulator/tests/test_claim_integration.rs	573	test_neg_tampered_sig_rejected
173	test fn	post_claim_wlt_byte_identity	crates/z00z_simulator/tests/test_claim_post.rs	70	test_post_claim_byte_identity
175	test fn	stage3_alice_rows_remain_spendable	crates/z00z_simulator/tests/test_e2e_phase4.rs	236	test_stage3_alice_remain_spendable
177	test fn	reload_ok	crates/z00z_simulator/tests/test_e2e_phase4.rs	513	test_reload_ok
179	test fn	stage1_bin_class_purity	crates/z00z_simulator/tests/test_genesis_integration.rs	80	test_stage1_bin_class_purity
181	test fn	stage1_nonces_unique	crates/z00z_simulator/tests/test_genesis_integration.rs	123	test_stage1_nonces_unique
183	test fn	stage1_analyzer_report_present	crates/z00z_simulator/tests/test_genesis_integration.rs	180	test_stage1_analyzer_report_present
185	test fn	stage1_state_hash_is_deterministic	crates/z00z_simulator/tests/test_genesis_unit.rs	60	test_stage1_state_is_deterministic
187	test fn	stage1_bincode_roundtrip	crates/z00z_simulator/tests/test_genesis_unit.rs	107	test_stage1_bincode_roundtrip
189	test fn	cross_stage_supply_conservation	crates/z00z_simulator/tests/test_pipeline_genesis_tx.rs	320	test_cross_stage_supply_conservation
191	test fn	cross_stage_all_actors_claimed	crates/z00z_simulator/tests/test_pipeline_genesis_tx.rs	364	test_cross_stage_actors_claimed
193	test fn	s4_bob_pending_ok	crates/z00z_simulator/tests/test_pipeline_genesis_tx.rs	406	test_s4_bob_pending_ok
195	test fn	scenario1_gate_matches_wallet_verifier	crates/z00z_simulator/tests/test_scenario1_spend_gate.rs	63	test_scenario1_gate_wallet_verifier
197	test fn	scenario1_rejects_bad_nullifier_hex	crates/z00z_simulator/tests/test_scenario1_spend_gate.rs	128	test_scenario1_rejects_nullifier_hex
199	test fn	scenario1_rejects_signed_nullifier_drift	crates/z00z_simulator/tests/test_scenario1_spend_gate.rs	164	test_scenario1_rejects_nullifier_drift
201	test fn	scenario1_gate_rejects_missing_proof	crates/z00z_simulator/tests/test_scenario1_spend_gate.rs	192	test_scenario1_gate_missing_proof
203	test fn	scenario1_rejects_zero_prev_root	crates/z00z_simulator/tests/test_scenario1_spend_gate.rs	216	test_scenario1_rejects_prev_root
205	test fn	scenario1_roundtrip_keeps_stage4_package_verifiable_through_stage10	crates/z00z_simulator/tests/test_scenario1_tx_proof_roundtrip.rs	50	test_scenario1_roundtrip_through_stage10
207	test fn	stage2_secrets_skip_public_path	crates/z00z_simulator/tests/test_stage2_secret_artifacts.rs	40	test_stage2_secrets_public_path
209	test fn	stage2_secrets_need_debug_dump	crates/z00z_simulator/tests/test_stage2_secret_artifacts.rs	82	test_stage2_secrets_debug_dump
211	test fn	debug_lane_stays_private	crates/z00z_simulator/tests/test_stage2_secret_artifacts.rs	108	test_debug_lane_stays_private
213	test fn	stage4_card_missing	crates/z00z_simulator/tests/test_stage4_card_gate.rs	107	test_stage4_card_missing
215	test fn	stage4_valid_cfg_ok	crates/z00z_simulator/tests/test_stage4_cfg_guards.rs	146	test_stage4_valid_cfg_ok
217	test fn	stage4_rejects_bad_mode	crates/z00z_simulator/tests/test_stage4_cfg_guards.rs	177	test_stage4_rejects_bad_mode
219	test fn	stage4_rejects_bad_fraction	crates/z00z_simulator/tests/test_stage4_cfg_guards.rs	209	test_stage4_rejects_bad_fraction
221	test fn	stage4_rejects_zero_amount	crates/z00z_simulator/tests/test_stage4_cfg_guards.rs	243	test_stage4_rejects_zero_amount
223	test fn	stage4_rejects_external_fee_no_pass	crates/z00z_simulator/tests/test_stage4_cfg_guards.rs	275	test_stage4_rejects_no_pass
225	test fn	stage4_short_paths_work	crates/z00z_simulator/tests/test_stage4_cfg_paths.rs	72	test_stage4_short_paths_work
227	test fn	stage4_empty_import_fails	crates/z00z_simulator/tests/test_stage4_cfg_paths.rs	143	test_stage4_empty_import_fails
229	test fn	stage4_clears_stale_checkpoint	crates/z00z_simulator/tests/test_stage4_chain_path.rs	142	test_stage4_clears_stale_checkpoint
231	test fn	stage4_rejects_missing_claim_package	crates/z00z_simulator/tests/test_stage4_claim_gate.rs	256	test_stage4_rejects_missing_package
233	test fn	stage4_rejects_bundle_omission_against_persisted_store	crates/z00z_simulator/tests/test_stage4_claim_gate.rs	304	test_stage4_rejects_persisted_store
235	test fn	write_bundle_rejects_empty_bundle	crates/z00z_simulator/tests/test_stage4_claim_gate.rs	363	test_write_bundle_empty_bundle
237	test fn	stage4_rejects_bad_claim_package	crates/z00z_simulator/tests/test_stage4_claim_gate.rs	389	test_stage4_rejects_bad_package
239	test fn	stage4_digest_stable_with_seed	crates/z00z_simulator/tests/test_stage4_digest.rs	162	test_stage4_digest_with_seed
241	test fn	stage4_plain_gate_ok	crates/z00z_simulator/tests/test_stage4_gates.rs	91	test_stage4_plain_gate_ok
243	test fn	stage4_witness_gate_ok	crates/z00z_simulator/tests/test_stage4_gates.rs	129	test_stage4_witness_gate_ok
245	test fn	stage4_output_crypto_ok	crates/z00z_simulator/tests/test_stage4_output_crypto.rs	142	test_stage4_output_crypto_ok
247	test fn	stage4_fee_card_scan	crates/z00z_simulator/tests/test_stage4_output_crypto.rs	201	test_stage4_fee_card_scan
249	test fn	stage4_stays_thin_loads_snapshot	crates/z00z_simulator/tests/test_stage4_root_support.rs	116	test_stage4_stays_loads_snapshot
251	test fn	stage4_select_rows	crates/z00z_simulator/tests/test_stage4_selection.rs	97	test_stage4_select_rows
253	test fn	stage4_surface_matches_tx_split	crates/z00z_simulator/tests/test_stage4_source_shape.rs	38	test_stage4_surface_tx_split
255	test fn	stage4_amount_fee	crates/z00z_simulator/tests/test_stage4_split.rs	77	test_stage4_amount_fee
257	test fn	stage4_partial_has_change	crates/z00z_simulator/tests/test_stage4_split.rs	123	test_stage4_partial_has_change
259	test fn	stage4_rejects_tampered_output	crates/z00z_simulator/tests/test_stage4_tamper.rs	135	test_stage4_rejects_tampered_output
261	test fn	stage5_detect_report	crates/z00z_simulator/tests/test_stage5_receive_bridge.rs	57	test_stage5_detect_report
263	test fn	stage5_claim_not_implicit	crates/z00z_simulator/tests/test_stage5_receive_bridge.rs	98	test_stage5_claim_not_implicit
265	test fn	stage5_role_guard	crates/z00z_simulator/tests/test_stage5_receive_bridge.rs	126	test_stage5_role_guard
267	test fn	stage5_rejects_stage4_chain_metadata	crates/z00z_simulator/tests/test_stage5_receive_bridge.rs	176	test_stage5_rejects_chain_metadata
269	test fn	stage5_stealth_shape_bad	crates/z00z_simulator/tests/test_stage5_receive_bridge.rs	220	test_stage5_stealth_shape_bad
271	test fn	stage8_handoff_stage_mismatch_fails	crates/z00z_simulator/tests/test_stage5_receive_bridge.rs	274	test_stage8_handoff_stage_mismatch
273	test fn	stage8_handoff_rpc_status_mismatch	crates/z00z_simulator/tests/test_stage5_receive_bridge.rs	320	test_stage8_handoff_status_mismatch
275	test fn	stage5_surface_matches_transfer_split	crates/z00z_simulator/tests/test_stage5_source_shape.rs	103	test_stage5_surface_transfer_split
277	test fn	fee_out_not_in_cp	crates/z00z_simulator/tests/test_stage6_checkpoint.rs	221	test_fee_out_in_cp
279	test fn	made_pairs_typed	crates/z00z_simulator/tests/test_stage6_checkpoint.rs	283	test_made_pairs_typed
281	test fn	stage4_prep_order_kept	crates/z00z_simulator/tests/test_stage6_checkpoint.rs	454	test_stage4_prep_order_kept
283	test fn	stage6_needs_tx_pkg	crates/z00z_simulator/tests/test_stage6_checkpoint.rs	523	test_stage6_needs_tx_pkg
285	test fn	draft_cannot_emit_final_artifact	crates/z00z_simulator/tests/test_stage6_checkpoint_final_gate.rs	114	test_draft_cannot_final_artifact
287	test fn	opaque_rejects_tx_digest_placeholder	crates/z00z_simulator/tests/test_stage6_checkpoint_final_gate.rs	193	test_opaque_rejects_digest_placeholder
289	test fn	stage8_rejects_tampered_exec_ref	crates/z00z_simulator/tests/test_stage6_checkpoint_final_gate.rs	262	test_stage8_rejects_exec_ref
291	test fn	stage8_rejects_tampered_fragment_ids	crates/z00z_simulator/tests/test_stage6_checkpoint_final_gate.rs	360	test_stage8_rejects_fragment_ids
293	test fn	stage7_uses_owned_draft_path	crates/z00z_simulator/tests/test_stage6_checkpoint_storage_bridge.rs	106	test_stage7_uses_draft_path
295	test fn	committed_scan_validates_proofs_first	crates/z00z_simulator/tests/test_stage7_jmt_wallet_scan.rs	37	test_committed_scan_proofs_first
297	test fn	stage7_updates_charlie_via_jmt_scan	crates/z00z_simulator/tests/test_stage7_jmt_wallet_scan.rs	132	test_stage7_updates_jmt_scan
299	test fn	transport_same_seed_is_reproducible	crates/z00z_simulator/tests/test_transport_rng_boundaries.rs	49	test_transport_same_is_reproducible
301	test fn	transport_seeds_change_wallet_ids	crates/z00z_simulator/tests/test_transport_rng_boundaries.rs	71	test_transport_seeds_wallet_ids
303	test fn	stage2_wallet_ids_unique	crates/z00z_simulator/tests/test_wallet_integration.rs	174	test_stage2_wallet_ids_unique
305	test fn	stage2_owner_handles_nonzero	crates/z00z_simulator/tests/test_wallet_integration.rs	208	test_stage2_owner_handles_nonzero
307	test fn	stage2_wlt_filename_determinism	crates/z00z_simulator/tests/test_wallet_integration.rs	260	test_stage2_wlt_filename_determinism
309	test fn	stage2_seed_phrases_have_24	crates/z00z_simulator/tests/test_wallet_integration.rs	287	test_stage2_seed_have_24
311	test fn	stage2_secret_artifact_is_private	crates/z00z_simulator/tests/test_wallet_integration.rs	348	test_stage2_secret_is_private
313	test fn	reset_suffix_rejects_outside_sandbox	crates/z00z_simulator/tests/test_wallet_integration.rs	390	test_reset_suffix_outside_sandbox
315	test fn	stage2_wlt_zstd_magic	crates/z00z_simulator/tests/test_wallet_integration.rs	435	test_stage2_wlt_zstd_magic
317	test fn	stage2_receiver_sig_valid	crates/z00z_simulator/tests/test_wallet_unit.rs	18	test_stage2_receiver_sig_valid
319	test fn	test_art_id_ignores_proof_bytes	crates/z00z_storage/src/checkpoint/ids.rs	325	test_art_id_proof_bytes
321	test fn	test_attested_proof_requires_backend_payload	crates/z00z_storage/tests/test_checkpoint_finalization.rs	123	test_attested_proof_backend_payload
323	test fn	test_statementless_artifact_bytes_reject_load_surface	crates/z00z_storage/tests/test_checkpoint_finalization.rs	165	test_statementless_artifact_load_surface
325	test fn	test_proof_sys_rejects_art_id	crates/z00z_storage/tests/test_checkpoint_ids.rs	112	test_proof_sys_art_id
327	test fn	test_unbound_link_bytes_reject_decode	crates/z00z_storage/tests/test_checkpoint_link_injective.rs	202	test_unbound_link_reject_decode
329	test fn	seal_rejects_missing_snapshot_row	crates/z00z_storage/tests/test_checkpoint_store_api.rs	212	test_seal_rejects_snapshot_row
331	test fn	rehydrate_rejects_attested_proof_drift	crates/z00z_storage/tests/test_redb_rehydrate.rs	549	test_rehydrate_rejects_proof_drift
333	test fn	test_search_allows_unbounded_limit_without_capacity_overflow	crates/z00z_storage/tests/test_search_api.rs	269	test_search_allows_capacity_overflow
335	test fn	test_restore_keeps_groups_root_bindings	crates/z00z_storage/tests/test_serialization_restore.rs	40	test_restore_keeps_root_bindings
337	test fn	process_with_metrics	crates/z00z_utils/src/metrics/test_metrics.rs	67	test_process_with_metrics
339	test fn	assert_send_sync	crates/z00z_utils/src/time/test_time.rs	113	test_assert_send_sync_r339
341	test fn	check_sync	crates/z00z_utils/tests/test_logger_integration.rs	218	test_check_sync
343	test fn	assert_code	crates/z00z_wallets/src/adapters/rpc/error_mapping.rs	311	test_assert_code
345	test fn	env_var_overrides_embedded_config	crates/z00z_wallets/src/adapters/rpc/logging/config.rs	197	test_env_var_embedded_config
347	test fn	reads_rpc_logger_config	crates/z00z_wallets/src/adapters/rpc/logging/config.rs	277	test_reads_rpc_logger_config
349	test fn	show_seed_phrase_is_critical	crates/z00z_wallets/src/adapters/rpc/logging/policy.rs	26	test_show_seed_is_critical
351	test fn	delete_wallet_is_critical	crates/z00z_wallets/src/adapters/rpc/logging/policy.rs	42	test_delete_wallet_is_critical
353	test fn	create_wallet_is_high	crates/z00z_wallets/src/adapters/rpc/logging/policy.rs	58	test_create_wallet_is_high
355	test fn	wallet_key_namespace_defaults_medium	crates/z00z_wallets/src/adapters/rpc/logging/policy.rs	71	test_wallet_key_defaults_medium
357	test fn	json_serialization_excludes_skipped_fields	crates/z00z_wallets/src/adapters/rpc/logging/record.rs	76	test_json_serialization_skipped_fields
359	test fn	request_id_32_lowercase_hex	crates/z00z_wallets/src/adapters/rpc/logging/test_middleware_suite.rs	49	test_request_id_lowercase_hex
361	test fn	serialize_cap_drops_response_summary	crates/z00z_wallets/src/adapters/rpc/logging/test_middleware_suite.rs	113	test_serialize_cap_response_summary
363	test fn	serialize_cap_forces_bounded_internal	crates/z00z_wallets/src/adapters/rpc/logging/test_middleware_suite.rs	199	test_serialize_cap_bounded_internal
365	test fn	asset_list_paginates_with_cursor	crates/z00z_wallets/src/adapters/rpc/methods/asset_impl_tests.rs	619	test_asset_list_with_cursor
367	test fn	asset_list_empty_filter_excludes	crates/z00z_wallets/src/adapters/rpc/methods/asset_impl_tests.rs	662	test_asset_list_filter_excludes
369	test fn	asset_list_filters_class_min	crates/z00z_wallets/src/adapters/rpc/methods/asset_impl_tests.rs	703	test_asset_list_class_min
371	test fn	asset_list_cache_bounded_evicts	crates/z00z_wallets/src/adapters/rpc/methods/asset_impl_tests.rs	753	test_asset_list_bounded_evicts
373	test fn	asset_balance_is_cached_1s	crates/z00z_wallets/src/adapters/rpc/methods/asset_impl_tests.rs	791	test_asset_balance_cached_1s
375	test fn	asset_metadata_rejects_unknown_asset	crates/z00z_wallets/src/adapters/rpc/methods/asset_impl_tests.rs	846	test_asset_metadata_unknown_asset
377	test fn	asset_details_returns_cached_asset	crates/z00z_wallets/src/adapters/rpc/methods/asset_impl_tests.rs	869	test_asset_details_cached_asset
379	test fn	asset_details_rejects_id_query	crates/z00z_wallets/src/adapters/rpc/methods/asset_impl_tests.rs	904	test_asset_details_id_query
381	test fn	asset_balance_rejects_id_query	crates/z00z_wallets/src/adapters/rpc/methods/asset_impl_tests.rs	933	test_asset_balance_id_query
383	test fn	asset_add_rejects_invalid_asset	crates/z00z_wallets/src/adapters/rpc/methods/asset_impl_tests.rs	982	test_asset_add_invalid_asset
385	test fn	asset_add_accepts_valid_definition	crates/z00z_wallets/src/adapters/rpc/methods/asset_impl_tests.rs	1032	test_asset_add_valid_definition
387	test fn	asset_import_rejects_invalid_asset	crates/z00z_wallets/src/adapters/rpc/methods/asset_impl_tests.rs	1058	test_asset_import_invalid_asset
389	test fn	asset_import_rejects_tampered_commitment	crates/z00z_wallets/src/adapters/rpc/methods/asset_impl_tests.rs	1101	test_asset_import_tampered_commitment
391	test fn	asset_import_accepts_valid_asset	crates/z00z_wallets/src/adapters/rpc/methods/asset_impl_tests.rs	1147	test_asset_import_valid_asset
393	test fn	asset_import_rejects_secret	crates/z00z_wallets/src/adapters/rpc/methods/asset_impl_tests.rs	1178	test_asset_import_secret_r393
395	test fn	asset_import_rejects_bad_json	crates/z00z_wallets/src/adapters/rpc/methods/asset_impl_tests.rs	1214	test_asset_import_bad_json
397	test fn	asset_claim_reserve_conflict	crates/z00z_wallets/src/adapters/rpc/methods/asset_impl_tests.rs	1264	test_asset_reserve_conflict_r397
399	test fn	asset_send_enforces_policy_max	crates/z00z_wallets/src/adapters/rpc/methods/asset_impl_tests.rs	1307	test_asset_send_policy_max
401	test fn	asset_send_rejects_bad_recipient	crates/z00z_wallets/src/adapters/rpc/methods/asset_impl_tests.rs	1377	test_asset_send_bad_recipient
403	test fn	asset_send_rejects_raw_compact_card	crates/z00z_wallets/src/adapters/rpc/methods/asset_impl_tests.rs	1406	test_asset_send_compact_card
405	test fn	asset_send_confirm_first_seen	crates/z00z_wallets/src/adapters/rpc/methods/asset_impl_tests.rs	1453	test_asset_send_first_seen
407	test fn	asset_receive_no_claim	crates/z00z_wallets/src/adapters/rpc/methods/asset_impl_tests.rs	1496	test_asset_no_claim_r407
409	test fn	asset_receive_rejects_tampered_tag16	crates/z00z_wallets/src/adapters/rpc/methods/asset_impl_tests.rs	1542	test_asset_receive_tampered_tag16
411	test fn	asset_receive_status_sync	crates/z00z_wallets/src/adapters/rpc/methods/asset_impl_tests.rs	1580	test_asset_status_sync_r411
413	test fn	asset_receive_not_claim	crates/z00z_wallets/src/adapters/rpc/methods/asset_impl_tests.rs	1647	test_asset_not_claim_r413
415	test fn	asset_receive_path_parity	crates/z00z_wallets/src/adapters/rpc/methods/asset_impl_tests.rs	1801	test_asset_path_parity_r415
417	test fn	asset_receive_reject_proof	crates/z00z_wallets/src/adapters/rpc/methods/asset_impl_tests.rs	1956	test_asset_receive_proof_r417
419	test fn	asset_receive_rejects_id_query	crates/z00z_wallets/src/adapters/rpc/methods/asset_impl_tests.rs	2010	test_asset_receive_id_query
421	test fn	asset_merge_selects_assets_total	crates/z00z_wallets/src/adapters/rpc/methods/asset_impl_tests.rs	2054	test_asset_merge_assets_total
423	test fn	asset_split_validates_sum_equals	crates/z00z_wallets/src/adapters/rpc/methods/asset_impl_tests.rs	2083	test_asset_split_sum_equals
425	test fn	asset_unstake_requires_known_stake	crates/z00z_wallets/src/adapters/rpc/methods/asset_impl_tests.rs	2125	test_asset_unstake_known_stake
427	test fn	asset_swap_validates_inputs_stub	crates/z00z_wallets/src/adapters/rpc/methods/asset_impl_tests.rs	2158	test_asset_swap_inputs_stub
429	test fn	chain_switches_return_stub_response	crates/z00z_wallets/src/adapters/rpc/methods/network_impl.rs	55	test_chain_switches_stub_response
431	test fn	asset_list_paginates_with_cursor	crates/z00z_wallets/src/adapters/rpc/methods/test_asset_impl_suite.rs	616	test_asset_list_with_cursor
433	test fn	asset_list_empty_filter_excludes	crates/z00z_wallets/src/adapters/rpc/methods/test_asset_impl_suite.rs	659	test_asset_list_filter_excludes
435	test fn	asset_list_filters_class_min	crates/z00z_wallets/src/adapters/rpc/methods/test_asset_impl_suite.rs	700	test_asset_list_class_min
437	test fn	asset_list_cache_bounded_evicts	crates/z00z_wallets/src/adapters/rpc/methods/test_asset_impl_suite.rs	750	test_asset_list_bounded_evicts
439	test fn	asset_balance_is_cached_1s	crates/z00z_wallets/src/adapters/rpc/methods/test_asset_impl_suite.rs	788	test_asset_balance_cached_1s
441	test fn	asset_metadata_rejects_unknown_asset	crates/z00z_wallets/src/adapters/rpc/methods/test_asset_impl_suite.rs	843	test_asset_metadata_unknown_asset
443	test fn	asset_details_returns_real_for_cached_asset	crates/z00z_wallets/src/adapters/rpc/methods/test_asset_impl_suite.rs	866	test_asset_details_cached_asset
445	test fn	asset_details_rejects_definition_id_query	crates/z00z_wallets/src/adapters/rpc/methods/test_asset_impl_suite.rs	901	test_asset_details_id_query
447	test fn	asset_balance_rejects_definition_id_query	crates/z00z_wallets/src/adapters/rpc/methods/test_asset_impl_suite.rs	930	test_asset_balance_id_query
449	test fn	asset_add_rejects_invalid_asset	crates/z00z_wallets/src/adapters/rpc/methods/test_asset_impl_suite.rs	979	test_asset_add_invalid_asset
451	test fn	asset_add_accepts_valid_definition	crates/z00z_wallets/src/adapters/rpc/methods/test_asset_impl_suite.rs	1029	test_asset_add_valid_definition
453	test fn	asset_import_rejects_invalid_asset	crates/z00z_wallets/src/adapters/rpc/methods/test_asset_impl_suite.rs	1055	test_asset_import_invalid_asset
455	test fn	asset_import_rejects_tampered_commitment	crates/z00z_wallets/src/adapters/rpc/methods/test_asset_impl_suite.rs	1098	test_asset_import_tampered_commitment
457	test fn	asset_import_accepts_valid_asset	crates/z00z_wallets/src/adapters/rpc/methods/test_asset_impl_suite.rs	1144	test_asset_import_valid_asset
459	test fn	asset_import_rejects_secret	crates/z00z_wallets/src/adapters/rpc/methods/test_asset_impl_suite.rs	1175	test_asset_import_rejects_secret
461	test fn	asset_import_rejects_bad_json	crates/z00z_wallets/src/adapters/rpc/methods/test_asset_impl_suite.rs	1211	test_asset_import_bad_json
463	test fn	asset_claim_reserve_conflict	crates/z00z_wallets/src/adapters/rpc/methods/test_asset_impl_suite.rs	1261	test_asset_claim_reserve_conflict
465	test fn	asset_send_enforces_policy_max	crates/z00z_wallets/src/adapters/rpc/methods/test_asset_impl_suite.rs	1304	test_asset_send_policy_max
467	test fn	asset_send_rejects_bad_recipient	crates/z00z_wallets/src/adapters/rpc/methods/test_asset_impl_suite.rs	1374	test_asset_send_bad_recipient
469	test fn	asset_send_rejects_raw_compact_card	crates/z00z_wallets/src/adapters/rpc/methods/test_asset_impl_suite.rs	1403	test_asset_send_compact_card
471	test fn	asset_send_request_requires_tofu_confirm_on_first_seen	crates/z00z_wallets/src/adapters/rpc/methods/test_asset_impl_suite.rs	1450	test_asset_send_first_seen
473	test fn	asset_receive_no_claim	crates/z00z_wallets/src/adapters/rpc/methods/test_asset_impl_suite.rs	1493	test_asset_receive_no_claim
475	test fn	asset_receive_rejects_tampered_tag16	crates/z00z_wallets/src/adapters/rpc/methods/test_asset_impl_suite.rs	1539	test_asset_receive_tampered_tag16
477	test fn	asset_receive_status_sync	crates/z00z_wallets/src/adapters/rpc/methods/test_asset_impl_suite.rs	1577	test_asset_receive_status_sync
479	test fn	asset_receive_not_claim	crates/z00z_wallets/src/adapters/rpc/methods/test_asset_impl_suite.rs	1644	test_asset_receive_not_claim
481	test fn	asset_receive_path_parity	crates/z00z_wallets/src/adapters/rpc/methods/test_asset_impl_suite.rs	1798	test_asset_receive_path_parity
483	test fn	asset_receive_reject_proof	crates/z00z_wallets/src/adapters/rpc/methods/test_asset_impl_suite.rs	1953	test_asset_receive_reject_proof
485	test fn	asset_receive_rejects_definition_id_query	crates/z00z_wallets/src/adapters/rpc/methods/test_asset_impl_suite.rs	2007	test_asset_definition_id_query
487	test fn	asset_merge_selects_assets_total	crates/z00z_wallets/src/adapters/rpc/methods/test_asset_impl_suite.rs	2051	test_asset_merge_assets_total
489	test fn	asset_split_validates_sum_equals	crates/z00z_wallets/src/adapters/rpc/methods/test_asset_impl_suite.rs	2080	test_asset_split_sum_equals
491	test fn	asset_unstake_requires_known_stake	crates/z00z_wallets/src/adapters/rpc/methods/test_asset_impl_suite.rs	2122	test_asset_unstake_known_stake
493	test fn	asset_swap_validates_inputs_stub	crates/z00z_wallets/src/adapters/rpc/methods/test_asset_impl_suite.rs	2155	test_asset_swap_inputs_stub
495	test fn	broadcast_retry_retries_network_timeout	crates/z00z_wallets/src/adapters/rpc/methods/test_tx_broadcast_body.rs	2	test_broadcast_retry_network_timeout
497	test fn	broadcast_retry_fails_retries_exhausted	crates/z00z_wallets/src/adapters/rpc/methods/test_tx_broadcast_body.rs	32	test_broadcast_retry_retries_exhausted
499	test fn	tx_broadcast_fails_retries_exhausted	crates/z00z_wallets/src/adapters/rpc/methods/test_tx_broadcast_body.rs	56	test_tx_broadcast_retries_exhausted
501	test fn	tx_cancel_succeeds_pending_tx	crates/z00z_wallets/src/adapters/rpc/methods/test_tx_broadcast_body.rs	92	test_tx_cancel_pending_tx
503	test fn	tx_get_history_rejects_invalid	crates/z00z_wallets/src/adapters/rpc/methods/test_tx_history_cursor_filters.rs	72	test_tx_get_rejects_invalid
505	test fn	tx_get_history_rejects_filter	crates/z00z_wallets/src/adapters/rpc/methods/test_tx_history_cursor_filters.rs	237	test_tx_get_rejects_filter
507	test fn	tx_get_history_includes_receipt	crates/z00z_wallets/src/adapters/rpc/methods/test_tx_history_receipt_sort.rs	126	test_tx_history_includes_receipt
509	test fn	tx_list_pending_paginates_cursor	crates/z00z_wallets/src/adapters/rpc/methods/test_tx_pending_body.rs	2	test_tx_list_paginates_cursor
511	test fn	tx_export_writes_portable_json	crates/z00z_wallets/src/adapters/rpc/methods/test_tx_pending_body.rs	124	test_tx_export_portable_json
513	test fn	tx_send_rejects_missing_timestamp	crates/z00z_wallets/src/adapters/rpc/methods/test_tx_send_body.rs	2	test_tx_send_missing_timestamp
515	test fn	tx_send_is_idempotent_same	crates/z00z_wallets/src/adapters/rpc/methods/test_tx_send_body.rs	53	test_tx_send_idempotent_same
517	test fn	tx_send_enforces_policy_max	crates/z00z_wallets/src/adapters/rpc/methods/test_tx_send_body.rs	131	test_tx_send_policy_max
519	test fn	tx_verify_skips_partial_stealth	crates/z00z_wallets/src/adapters/rpc/methods/test_tx_send_body.rs	186	test_tx_verify_partial_stealth
521	test fn	wallet_list_returns_created_wallets	crates/z00z_wallets/src/adapters/rpc/methods/test_wallet_impl_suite.rs	67	test_wallet_list_created_wallets
523	test fn	wallet_create_generates_24_word	crates/z00z_wallets/src/adapters/rpc/methods/test_wallet_impl_suite.rs	104	test_wallet_create_24_word
525	test fn	wallet_create_strength_score	crates/z00z_wallets/src/adapters/rpc/methods/test_wallet_impl_suite.rs	136	test_wallet_create_strength_score
527	test fn	wallet_import_rejects_invalid_backup	crates/z00z_wallets/src/adapters/rpc/methods/test_wallet_impl_suite.rs	171	test_wallet_import_invalid_backup
529	test fn	wallet_export_encrypted_payload_unlocked	crates/z00z_wallets/src/adapters/rpc/methods/test_wallet_impl_suite.rs	220	test_wallet_export_payload_unlocked
531	test fn	wallet_unlock_rate_limits_5	crates/z00z_wallets/src/adapters/rpc/methods/test_wallet_impl_suite.rs	276	test_wallet_unlock_limits_5
533	test fn	wallet_unlock_corruption_auth_fail	crates/z00z_wallets/src/adapters/rpc/methods/test_wallet_impl_suite.rs	337	test_wallet_unlock_auth_fail
535	test fn	wallet_show_seed_phrase_encrypted	crates/z00z_wallets/src/adapters/rpc/methods/test_wallet_impl_suite.rs	475	test_wallet_show_phrase_encrypted
537	test fn	wallet_limit_preserves_auto_lock	crates/z00z_wallets/src/adapters/rpc/methods/test_wallet_impl_suite.rs	577	test_wallet_limit_auto_lock
539	test fn	wallet_show_needs_confirm	crates/z00z_wallets/src/adapters/rpc/methods/test_wallet_impl_suite.rs	671	test_wallet_show_needs_confirm
541	test fn	wallet_remove_success_password_provided	crates/z00z_wallets/src/adapters/rpc/methods/test_wallet_impl_suite.rs	714	test_wallet_remove_password_provided
543	test fn	wallet_add_accepts_valid_backup	crates/z00z_wallets/src/adapters/rpc/methods/test_wallet_impl_suite.rs	750	test_wallet_add_valid_backup
545	test fn	async_batch_threshold_validation	crates/z00z_wallets/src/core/address/address_manager/test_address_manager_suite.rs	1272	test_async_batch_threshold_validation
547	test fn	async_batch_custom_threshold_respected	crates/z00z_wallets/src/core/address/address_manager/test_address_manager_suite.rs	1294	test_async_batch_threshold_respected
549	test fn	leaf_scan_ok	crates/z00z_wallets/src/core/address/leaf_scan.rs	120	test_leaf_scan_ok
551	test fn	leaf_scan_ad_drift	crates/z00z_wallets/src/core/address/leaf_scan.rs	144	test_leaf_scan_ad_drift
553	test fn	test_optimized_scan_req_matches_base_detector	crates/z00z_wallets/src/core/address/optimized_scanner.rs	126	test_optimized_scan_base_detector
555	test fn	detected_pack_rejects_oversized_memo	crates/z00z_wallets/src/core/address/stealth_scanner/types_receive.rs	98	test_detected_pack_oversized_memo
557	test fn	test_active_requests_are_sorted_and_skip_expired	crates/z00z_wallets/src/core/address/stealth_scanner/types_tag_cache.rs	156	test_active_requests_skip_expired
559	test fn	verify_commitment_bytes_parse	crates/z00z_wallets/src/core/address/test_stealth_scan_support_suite.rs	38	test_verify_commitment_bytes_parse
561	test fn	ordered_request_candidates_puts_fallback_last	crates/z00z_wallets/src/core/address/test_stealth_scan_support_suite.rs	95	test_ordered_request_fallback_last
563	test fn	scan_owned_matches_request_bound_output	crates/z00z_wallets/src/core/address/test_stealth_scan_support_suite.rs	173	test_scan_owned_bound_output
565	test fn	dual_new_accepts_many_pairs	crates/z00z_wallets/src/core/address/z00z_address/test_z00z_address_suite.rs	55	test_dual_new_many_pairs
567	test fn	dual_parse_rejects_equal_keys	crates/z00z_wallets/src/core/address/z00z_address/test_z00z_address_suite.rs	84	test_dual_parse_equal_keys
569	test fn	serde_rejects_identity_dual	crates/z00z_wallets/src/core/address/z00z_address/test_z00z_address_suite.rs	134	test_serde_rejects_identity_dual
571	test fn	dual_roundtrip_bech32	crates/z00z_wallets/src/core/address/z00z_address/test_z00z_address_suite.rs	179	test_dual_roundtrip_bech32
573	test fn	dual_roundtrip_bech32_with_checksum	crates/z00z_wallets/src/core/address/z00z_address/test_z00z_address_suite.rs	217	test_dual_roundtrip_with_checksum
575	test fn	single_qr_data_works	crates/z00z_wallets/src/core/address/z00z_address/test_z00z_address_suite.rs	251	test_single_qr_data_works
577	test fn	hrp_prefixes_work	crates/z00z_wallets/src/core/address/z00z_address/test_z00z_address_suite.rs	285	test_hrp_prefixes_work
579	test fn	unknown_hrp_rejected	crates/z00z_wallets/src/core/address/z00z_address/test_z00z_address_suite.rs	329	test_unknown_hrp_rejected
581	test fn	dual_uri_includes_hrp	crates/z00z_wallets/src/core/address/z00z_address/test_z00z_address_suite.rs	362	test_dual_uri_includes_hrp
583	test fn	uri_rejects_non_ascii_space	crates/z00z_wallets/src/core/address/z00z_address/test_z00z_address_suite.rs	409	test_uri_rejects_ascii_space
585	test fn	uri_trims_whitespace	crates/z00z_wallets/src/core/address/z00z_address/test_z00z_address_suite.rs	441	test_uri_trims_whitespace
587	test fn	uri_normalizes_case	crates/z00z_wallets/src/core/address/z00z_address/test_z00z_address_suite.rs	473	test_uri_normalizes_case
589	test fn	uri_rejects_bad_scheme	crates/z00z_wallets/src/core/address/z00z_address/test_z00z_address_suite.rs	506	test_uri_rejects_bad_scheme
591	test fn	single_from_bytes_invalid_key	crates/z00z_wallets/src/core/address/z00z_address/test_z00z_address_suite.rs	539	test_single_from_invalid_key
593	test fn	single_from_bytes_wrong_version	crates/z00z_wallets/src/core/address/z00z_address/test_z00z_address_suite.rs	567	test_single_from_wrong_version
595	test fn	single_from_bytes_invalid_chain	crates/z00z_wallets/src/core/address/z00z_address/test_z00z_address_suite.rs	605	test_single_from_invalid_chain
597	test fn	dual_from_bytes_wrong_length	crates/z00z_wallets/src/core/address/z00z_address/test_z00z_address_suite.rs	642	test_dual_from_wrong_length
599	test fn	dual_rejects_oversize_bytes	crates/z00z_wallets/src/core/address/z00z_address/test_z00z_address_suite.rs	672	test_dual_rejects_oversize_bytes
601	test fn	single_rejects_zero_features	crates/z00z_wallets/src/core/address/z00z_address/test_z00z_address_suite.rs	694	test_single_rejects_zero_features
603	test fn	single_accepts_features_warn_policy	crates/z00z_wallets/src/core/address/z00z_address/test_z00z_address_suite.rs	729	test_single_accepts_warn_policy
605	test fn	simulate_future_address_decode	crates/z00z_wallets/src/core/address/z00z_address/test_z00z_address_suite.rs	752	test_simulate_future_address_decode
607	test fn	dual_rejects_zero_features	crates/z00z_wallets/src/core/address/z00z_address/test_z00z_address_suite.rs	775	test_dual_rejects_zero_features
609	test fn	dual_accepts_features_warn_policy	crates/z00z_wallets/src/core/address/z00z_address/test_z00z_address_suite.rs	813	test_dual_accepts_warn_policy
611	test fn	single_allows_dual_mode_features	crates/z00z_wallets/src/core/address/z00z_address/test_z00z_address_suite.rs	843	test_single_allows_mode_features
613	test fn	single_allows_all_valid_features	crates/z00z_wallets/src/core/address/z00z_address/test_z00z_address_suite.rs	867	test_single_allows_valid_features
615	test fn	dual_allows_dual_mode_features	crates/z00z_wallets/src/core/address/z00z_address/test_z00z_address_suite.rs	904	test_dual_allows_mode_features
617	test fn	chain_enum_conversions	crates/z00z_wallets/src/core/address/z00z_address/test_z00z_address_suite.rs	936	test_chain_enum_conversions
619	test fn	version_constant_is_single_source	crates/z00z_wallets/src/core/address/z00z_address/test_z00z_address_suite.rs	957	test_version_constant_single_source
621	test fn	dual_to_bytes_matches_structure	crates/z00z_wallets/src/core/address/z00z_address/test_z00z_address_suite.rs	1005	test_dual_to_matches_structure
623	test fn	single_bytes_reject_identity	crates/z00z_wallets/src/core/address/z00z_address/test_z00z_address_suite.rs	1038	test_single_bytes_reject_identity
625	test fn	dual_new_rejects_identity_key	crates/z00z_wallets/src/core/address/z00z_address/test_z00z_address_suite.rs	1062	test_dual_new_identity_key
627	test fn	dual_new_rejects_invalid_keys	crates/z00z_wallets/src/core/address/z00z_address/test_z00z_address_suite.rs	1088	test_dual_new_invalid_keys
629	test fn	dual_hash_is_domain_separated	crates/z00z_wallets/src/core/address/z00z_address/test_z00z_address_suite.rs	1119	test_dual_hash_domain_separated
631	test fn	single_dual_same_domain	crates/z00z_wallets/src/core/address/z00z_address/test_z00z_address_suite.rs	1157	test_single_dual_same_domain
633	test fn	bech32m_rejects_q_padding	crates/z00z_wallets/src/core/address/z00z_address/test_z00z_address_suite.rs	1217	test_bech32m_rejects_q_padding
635	test fn	bech32m_detects_single_error	crates/z00z_wallets/src/core/address/z00z_address/test_z00z_address_suite.rs	1276	test_bech32m_detects_single_error
637	test fn	bech32m_detects_data_corruption	crates/z00z_wallets/src/core/address/z00z_address/test_z00z_address_suite.rs	1351	test_bech32m_detects_data_corruption
639	test fn	reject_small_order_point_2	crates/z00z_wallets/src/core/address/z00z_address/test_z00z_address_suite.rs	1445	test_reject_small_point_2
641	test fn	accept_valid_points	crates/z00z_wallets/src/core/address/z00z_address/test_z00z_address_suite.rs	1502	test_accept_valid_points
643	test fn	parse_strict_rejects_non_ascii	crates/z00z_wallets/src/core/address/z00z_address/test_z00z_address_suite.rs	1557	test_parse_strict_non_ascii
645	test fn	parse_strict_accepts_valid_addresses	crates/z00z_wallets/src/core/address/z00z_address/test_z00z_address_suite.rs	1632	test_parse_strict_valid_addresses
647	test fn	validate_uses_strict_parsing	crates/z00z_wallets/src/core/address/z00z_address/test_z00z_address_suite.rs	1695	test_validate_uses_strict_parsing
649	test fn	uri_rejects_corrupted_checksum	crates/z00z_wallets/src/core/address/z00z_address/test_z00z_address_suite.rs	1768	test_uri_rejects_corrupted_checksum
651	test fn	test_import_rejects_string_kdf_contract	crates/z00z_wallets/src/core/backup/test_backup_importer_suite.rs	70	test_import_rejects_kdf_contract
653	test fn	derive_key_works	crates/z00z_wallets/src/core/backup/test_wallet_backup_suite.rs	4	test_derive_key_works
655	test fn	checksum_binds_aad_and_ciphertext	crates/z00z_wallets/src/core/backup/test_wallet_backup_suite.rs	20	test_checksum_binds_and_ciphertext
657	test fn	facade_methods_work	crates/z00z_wallets/src/core/backup/test_wallet_backup_suite.rs	44	test_facade_methods_work
659	test fn	verify_conservation_ok	crates/z00z_wallets/src/core/claim/conservation.rs	156	test_verify_conservation_ok
661	test fn	verify_conservation_commit_fail	crates/z00z_wallets/src/core/claim/conservation.rs	179	test_verify_conservation_commit_fail
663	test fn	reconcile_snapshot_fail	crates/z00z_wallets/src/core/claim/conservation.rs	206	test_reconcile_snapshot_fail
665	test fn	uniform_assign_is_conservative	crates/z00z_wallets/src/core/claim/distribution.rs	103	test_uniform_assign_is_conservative
667	test fn	map_ok_dup	crates/z00z_wallets/src/core/claim/import_model.rs	125	test_map_ok_dup
669	test fn	replay_code	crates/z00z_wallets/src/core/claim/import_model.rs	141	test_replay_code
671	test fn	dry_run_plan_is_deterministic	crates/z00z_wallets/src/core/claim/service.rs	242	test_dry_run_is_deterministic
673	test fn	merge_keeps_unique_rows	crates/z00z_wallets/src/core/claim/state_machine.rs	190	test_merge_keeps_unique_rows
675	test fn	roundtrip_32_bytes	crates/z00z_wallets/src/core/key/seed_backup_format_tests_basic.rs	24	test_roundtrip_32_bytes
677	test fn	bip39_entropy_roundtrips	crates/z00z_wallets/src/core/key/seed_backup_format_tests_basic.rs	46	test_bip39_entropy_roundtrips
679	test fn	parse_rejects_wrong_word_count	crates/z00z_wallets/src/core/key/seed_backup_format_tests_basic.rs	83	test_parse_rejects_word_count
681	test fn	passphrase_length_validation	crates/z00z_wallets/src/core/key/seed_backup_format_tests_basic.rs	108	test_passphrase_length_validation
683	test fn	passphrase_expands_during_nfkd	crates/z00z_wallets/src/core/key/seed_backup_format_tests_basic.rs	137	test_passphrase_expands_during_nfkd
685	test fn	max_passphrase_constant	crates/z00z_wallets/src/core/key/seed_backup_format_tests_basic.rs	160	test_max_passphrase_constant
687	test fn	empty_passphrase_accepted	crates/z00z_wallets/src/core/key/seed_backup_format_tests_basic.rs	179	test_empty_passphrase_accepted
689	test fn	homoglyph_protection	crates/z00z_wallets/src/core/key/seed_backup_format_tests_language.rs	2	test_homoglyph_protection
691	test fn	detect_language_ambiguous	crates/z00z_wallets/src/core/key/seed_backup_format_tests_language.rs	36	test_detect_language_ambiguous
693	test fn	mixed_script_mnemonic_rejected	crates/z00z_wallets/src/core/key/seed_backup_format_tests_language.rs	144	test_mixed_script_mnemonic_rejected
695	test fn	emoji_lookalikes_rejected	crates/z00z_wallets/src/core/key/seed_backup_format_tests_language.rs	172	test_emoji_lookalikes_rejected
697	test fn	combining_characters_rejected	crates/z00z_wallets/src/core/key/seed_backup_format_tests_language.rs	188	test_combining_characters_rejected
699	test fn	nfkd_normalization_with_ambiguous_words	crates/z00z_wallets/src/core/key/seed_backup_format_tests_language.rs	211	test_nfkd_normalization_ambiguous_words
701	test fn	mixed_script_detection_comprehensive	crates/z00z_wallets/src/core/key/seed_backup_format_tests_language.rs	234	test_mixed_script_detection_comprehensive
703	test fn	only_combining_marks_rejected	crates/z00z_wallets/src/core/key/seed_backup_format_tests_language.rs	249	test_only_combining_marks_rejected
705	test fn	reject_noncurrent_kdf_params_on_wrap	crates/z00z_wallets/src/core/key/test_key_manager_redb_suite.rs	10	test_reject_noncurrent_on_wrap
707	test fn	kdf_params_mismatch_rejected	crates/z00z_wallets/src/core/key/test_key_manager_redb_suite.rs	54	test_kdf_params_mismatch_rejected
709	test fn	cipher_seed_rejects_unknown_ids	crates/z00z_wallets/src/core/key/test_seed_cipher_basic_suite.rs	115	test_cipher_seed_unknown_ids
711	test fn	test_serial_id_changes_leaf_binding_when_inputs_are_fixed	crates/z00z_wallets/src/core/stealth/test_output.rs	161	test_serial_id_are_fixed
713	test fn	test_card_validated_build_bad_signature	crates/z00z_wallets/src/core/stealth/test_output.rs	412	test_card_validated_bad_signature
715	test fn	test_card_validated_requires_pinned_card_but_request_none_path_stays_open	crates/z00z_wallets/src/core/stealth/test_output_extra.rs	376	test_card_validated_stays_open
717	test fn	test_card_validated_rejects_pin_view_mismatch	crates/z00z_wallets/src/core/stealth/test_output_extra.rs	445	test_card_validated_view_mismatch
719	test fn	test_card_validated_rejects_pin_identity_mismatch	crates/z00z_wallets/src/core/stealth/test_output_extra.rs	515	test_card_validated_identity_mismatch
721	test fn	prefix_ambiguity_is_prevented	crates/z00z_wallets/src/core/test_hashing_suite.rs	15	test_prefix_ambiguity_is_prevented
723	test fn	confirm_rows_keep_change	crates/z00z_wallets/src/core/tx/lifecycle.rs	259	test_confirm_rows_keep_change
725	test fn	split_single_out	crates/z00z_wallets/src/core/tx/multi_io.rs	299	test_split_single_out
727	test fn	split_reject_bad_count	crates/z00z_wallets/src/core/tx/multi_io.rs	313	test_split_reject_bad_count
729	test fn	serial_pick_len_ok	crates/z00z_wallets/src/core/tx/multi_io.rs	325	test_serial_pick_len_ok
731	test fn	serial_rejects_output_below_serials	crates/z00z_wallets/src/core/tx/multi_io.rs	340	test_serial_rejects_below_serials
733	test fn	target_fallback_uses_min	crates/z00z_wallets/src/core/tx/multi_io.rs	352	test_target_fallback_uses_min
735	test fn	verify_works_correctly	crates/z00z_wallets/src/core/tx/pay_ref.rs	181	test_verify_works_correctly_r735
737	test fn	format_short_has_expected_shape	crates/z00z_wallets/src/core/tx/pay_ref.rs	214	test_format_short_expected_shape
739	test fn	format_compact_equals_short	crates/z00z_wallets/src/core/tx/pay_ref.rs	232	test_format_compact_equals_short
741	test fn	parse_hex_validates_length	crates/z00z_wallets/src/core/tx/pay_ref.rs	256	test_parse_hex_validates_length
743	test fn	format_short_preserves_uniqueness	crates/z00z_wallets/src/core/tx/pay_ref.rs	287	test_format_short_preserves_uniqueness
745	test fn	roundtrip_generate_format_short_parse	crates/z00z_wallets/src/core/tx/pay_ref.rs	311	test_roundtrip_generate_short_parse
747	test fn	edge_case_max_values	crates/z00z_wallets/src/core/tx/pay_ref.rs	343	test_edge_case_max_values
749	test fn	test_canonical_event_exports_are_reachable	crates/z00z_wallets/src/core/tx/spending.rs	394	test_canonical_event_are_reachable
751	test fn	test_canonical_multi_exports_are_reachable	crates/z00z_wallets/src/core/tx/test_asset_selector_suite.rs	90	test_canonical_multi_are_reachable
753	test fn	cp_apply_ok	crates/z00z_wallets/src/core/tx/test_state_update_suite.rs	366	test_cp_apply_ok
755	test fn	cp_empty_batch	crates/z00z_wallets/src/core/tx/test_state_update_suite.rs	413	test_cp_empty_batch
757	test fn	resolve_uses_leaf	crates/z00z_wallets/src/core/tx/test_state_update_suite.rs	458	test_resolve_uses_leaf
759	test fn	prep_empty_member	crates/z00z_wallets/src/core/tx/test_state_update_suite.rs	500	test_prep_empty_member
761	test fn	prep_root_mix_member	crates/z00z_wallets/src/core/tx/test_state_update_suite.rs	530	test_prep_root_mix_member
763	test fn	prep_miss_input	crates/z00z_wallets/src/core/tx/test_state_update_suite.rs	560	test_prep_miss_input
765	test fn	prep_leaf_match	crates/z00z_wallets/src/core/tx/test_state_update_suite.rs	606	test_prep_leaf_match
767	test fn	prep_then_apply	crates/z00z_wallets/src/core/tx/test_state_update_suite.rs	638	test_prep_then_apply
769	test fn	cp_stable_order	crates/z00z_wallets/src/core/tx/test_state_update_suite.rs	702	test_cp_stable_order
771	test fn	prep_keeps_path	crates/z00z_wallets/src/core/tx/test_state_update_suite.rs	812	test_prep_keeps_path
773	test fn	pub_in_sep	crates/z00z_wallets/src/core/tx/test_state_update_suite.rs	864	test_pub_in_sep
775	test fn	cp_bad_leaf_bytes	crates/z00z_wallets/src/core/tx/test_state_update_suite.rs	926	test_cp_bad_leaf_bytes
777	test fn	test_full_verifier_rejects_missing_public_spend_contract	crates/z00z_wallets/src/core/tx/test_tx_verifier_suite.rs	161	test_full_verifier_spend_contract
779	test fn	role_changes_digest	crates/z00z_wallets/src/core/tx/test_tx_verifier_suite.rs	322	test_role_changes_digest
781	test fn	boundary_collision_digest_reference	crates/z00z_wallets/src/core/tx/test_tx_verifier_suite.rs	353	test_boundary_collision_digest_reference
783	test fn	derive_is_deterministic	crates/z00z_wallets/src/core/tx/tx_id.rs	152	test_derive_is_deterministic
785	test fn	verify_works_correctly	crates/z00z_wallets/src/core/tx/tx_id.rs	180	test_verify_works_correctly
787	test fn	generate_mac_key_is_random	crates/z00z_wallets/src/core/tx/tx_id.rs	205	test_generate_mac_is_random
789	test fn	different_keys_produce_different_ids	crates/z00z_wallets/src/core/tx/tx_id.rs	220	test_different_keys_different_ids
791	test fn	new_and_as_u64_work	crates/z00z_wallets/src/core/tx/tx_id.rs	236	test_new_and_u64_work
793	test fn	ordering_works	crates/z00z_wallets/src/core/tx/tx_id.rs	250	test_ordering_works
795	test fn	hash_trait_works	crates/z00z_wallets/src/core/tx/tx_id.rs	268	test_hash_trait_works
797	test fn	roundtrip_derive_verify	crates/z00z_wallets/src/core/tx/tx_id.rs	299	test_roundtrip_derive_verify
799	test fn	chain_id_le_wire	crates/z00z_wallets/src/core/wallet/chain_id.rs	86	test_chain_id_le_wire
801	test fn	chain_id_from_u32_bad	crates/z00z_wallets/src/core/wallet/chain_id.rs	99	test_chain_id_u32_bad
803	test fn	assert_decrypt_sig	crates/z00z_wallets/src/core/wallet/mod.rs	74	test_assert_decrypt_sig
805	test fn	object_id_roundtrip_be	crates/z00z_wallets/src/db/schema_codecs.rs	49	test_object_id_roundtrip_r805
807	test fn	encrypted_record_bincode_roundtrip	crates/z00z_wallets/src/db/schema_codecs.rs	63	test_encrypted_bincode_roundtrip_r807
809	test fn	index_key_rejects_bad_magic	crates/z00z_wallets/src/db/test_index_codecs_suite.rs	40	test_index_key_bad_magic
811	test fn	index_update_rejects_table	crates/z00z_wallets/src/db/test_index_codecs_suite.rs	58	test_index_update_rejects_table
813	test fn	index_value_bounds_canon	crates/z00z_wallets/src/db/test_index_codecs_suite.rs	78	test_index_value_bounds_canon
815	test fn	validate_semantic_key_accepts_canonical	crates/z00z_wallets/src/db/test_index_codecs_suite.rs	119	test_validate_semantic_accepts_canonical
817	test fn	semantic_key_rejects_bad_version	crates/z00z_wallets/src/db/test_index_codecs_suite.rs	133	test_semantic_key_bad_version
819	test fn	domain_identifiers_are_stable	crates/z00z_wallets/src/db/test_redb_wallet_crypto_suite.rs	4	test_domain_identifiers_are_stable
821	test fn	hkdf_derivation_is_deterministic	crates/z00z_wallets/src/db/test_redb_wallet_crypto_suite.rs	77	test_hkdf_derivation_is_deterministic
823	test fn	proptest_aad_distinct	crates/z00z_wallets/src/db/test_redb_wallet_crypto_suite.rs	227	test_proptest_aad_distinct
825	test fn	redb_kv_txn_commit_roundtrip	crates/z00z_wallets/src/db/test_storage_backend_suite.rs	14	test_redb_kv_commit_roundtrip
827	test fn	redb_decrypt_returns_secret	crates/z00z_wallets/src/db/tests/redb_wallet_store.rs	10	test_redb_decrypt_returns_secret
829	test fn	assert_secret	crates/z00z_wallets/src/db/tests/redb_wallet_store.rs	12	test_assert_secret
831	test fn	create_wlt_writes_required	crates/z00z_wallets/src/db/tests/redb_wallet_store.rs	220	test_create_wlt_writes_required
833	test fn	kdf_params_bincode_roundtrip	crates/z00z_wallets/src/db/tests/redb_wallet_store.rs	350	test_kdf_params_bincode_roundtrip
835	test fn	create_wlt_mid_init_fails	crates/z00z_wallets/src/db/tests/redb_wallet_store.rs	411	test_create_wlt_init_fails
837	test fn	wallet_lock_file_removed_drop	crates/z00z_wallets/src/db/tests/redb_wallet_store.rs	936	test_wallet_lock_removed_drop
839	test fn	open_wlt_wrong_password	crates/z00z_wallets/src/db/tests/redb_wallet_store.rs	1244	test_open_wlt_wrong_password
841	test fn	open_wlt_invalid_kdf	crates/z00z_wallets/src/db/tests/redb_wallet_store.rs	2415	test_open_wlt_invalid_kdf
843	test fn	read_object_id_reads_decrypts	crates/z00z_wallets/src/db/tests/redb_wallet_store.rs	2587	test_read_object_reads_decrypts
845	test fn	write_object_id_indexes_writes	crates/z00z_wallets/src/db/tests/redb_wallet_store.rs	3020	test_write_object_indexes_writes
847	test fn	write_object_allocates_in_txn	crates/z00z_wallets/src/db/tests/redb_wallet_store.rs	3225	test_write_object_in_txn
849	test fn	lock_file_stamp_is_deterministic	crates/z00z_wallets/src/db/tests/redb_wallet_store.rs	3415	test_lock_file_is_deterministic
851	test fn	redb_kv_txn_commit_roundtrip	crates/z00z_wallets/src/db/tests/redb_wallet_store.rs	3716	test_redb_kv_commit_roundtrip
853	test fn	recovery_deterministic_addresses	crates/z00z_wallets/src/db/tests/redb_wallet_store.rs	3890	test_recovery_deterministic_addresses
855	test fn	wlt_store_avoids_std_time	crates/z00z_wallets/src/db/wallet_store.rs	218	test_wlt_store_std_time
857	test fn	test_recv_claim_asset_scrubs_invalid_owner_signature	crates/z00z_wallets/src/services/test_wallet_service_suite.rs	1107	test_recv_scrubs_owner_signature
859	test fn	indexeddb_impls_traits	crates/z00z_wallets/src/wasm/indexeddb_backend.rs	194	test_indexeddb_impls_traits
861	test fn	object_id_rejects_size	crates/z00z_wallets/src/wasm/schema_codecs.rs	57	test_object_id_size_r861
863	test fn	test_rate_limit_avoids_expensive_work	crates/z00z_wallets/tests/test_addr_rate_limit_integration.rs	99	test_rate_limit_expensive_work
865	test fn	layered_theft_model_stays_narrow	crates/z00z_wallets/tests/test_asset_ownership_security.rs	135	test_layered_theft_stays_narrow
867	test fn	test_memo_leaf_scan_detects_owned_pack	crates/z00z_wallets/tests/test_asset_pack_v2_memo.rs	129	test_memo_leaf_owned_pack
869	test fn	test_memo_leaf_scan_rejects_bad_memo_len	crates/z00z_wallets/tests/test_asset_pack_v2_memo.rs	161	test_memo_leaf_memo_len
871	test fn	restore_backup_keeps_chain_identity	crates/z00z_wallets/tests/test_backup_restore_identity.rs	136	test_restore_backup_chain_identity
873	test fn	test_rehydrate_bad_hex_no_panic	crates/z00z_wallets/tests/test_claim_core_safety.rs	41	test_rehydrate_bad_no_panic
875	test fn	test_verify_package_requires_public_spend_contract_pre_import	crates/z00z_wallets/tests/test_direct_tx_receive.rs	259	test_verify_package_pre_import
877	test fn	open_wallet_bytes_unlocks	crates/z00z_wallets/tests/test_open_wallet_source_discovery.rs	119	test_open_wallet_bytes_unlocks
879	test fn	test_phase035_no_change_rows_stay_on_original_spellings	crates/z00z_wallets/tests/test_phase035_rename_guards.rs	39	test_phase035_no_original_spellings
881	test fn	test_phase035_wave_a_path_and_include_mirrors_match_renamed_files	crates/z00z_wallets/tests/test_phase035_rename_guards.rs	103	test_phase035_wave_renamed_files
883	test fn	test_phase037_asset_impl_binds_canonical_receive_test_suite	crates/z00z_wallets/tests/test_phase037_output_reception.rs	30	test_phase037_asset_test_suite
885	test fn	test_open_rejects_unsupported_aad_secret_version	crates/z00z_wallets/tests/test_redb_wlt_open.rs	371	test_open_rejects_unsupported_secret
887	test fn	test_open_rejects_unsupported_hkdf_info_version	crates/z00z_wallets/tests/test_redb_wlt_open.rs	434	test_open_rejects_unsupported_info
889	test fn	rpc_logging_emits_exactly_two	crates/z00z_wallets/tests/test_rpc_logging_acceptance.rs	179	test_rpc_logging_emits_two
891	test fn	rpc_logging_writes_embedded_wallet	crates/z00z_wallets/tests/test_rpc_logging_configured_path.rs	75	test_rpc_logging_embedded_wallet
893	test fn	rpc_logging_file_sink_jsonl	crates/z00z_wallets/tests/test_rpc_logging_file_sink.rs	34	test_rpc_logging_sink_jsonl
895	test fn	replay_audit_rpc_methods_csv	crates/z00z_wallets/tests/test_rpc_logging_replay_audit.rs	193	test_replay_audit_methods_csv
897	test fn	rpc_logging_assigns_risk_levels	crates/z00z_wallets/tests/test_rpc_logging_risk_policy.rs	41	test_rpc_logging_risk_levels
899	test fn	e3_rpc_import_wallet_rejects	crates/z00z_wallets/tests/test_rpc_persistence_spec_e3.rs	122	test_e3_rpc_wallet_rejects
901	test fn	scenario_4_lifecycle_lock	crates/z00z_wallets/tests/test_rpc_scenarios_minimal.rs	89	test_scenario_4_lifecycle_lock
903	test fn	scenario_2_asset_list_emits	crates/z00z_wallets/tests/test_rpc_scenarios_minimal.rs	172	test_scenario_2_list_emits
905	test fn	app_wallet_list_wallets_accepts	crates/z00z_wallets/tests/test_rpc_wiring_spec_a.rs	131	test_app_wallet_wallets_accepts
907	test fn	app_wallet_delete_wallet_wrong	crates/z00z_wallets/tests/test_rpc_wiring_spec_a.rs	160	test_app_wallet_wallet_wrong
909	test fn	app_network_switch_tor_rejects	crates/z00z_wallets/tests/test_rpc_wiring_spec_a.rs	209	test_app_network_tor_rejects
911	test fn	wallet_session_unlock_wrong_password	crates/z00z_wallets/tests/test_rpc_wiring_spec_a.rs	262	test_wallet_session_wrong_password
913	test fn	wallet_key_rotate_master_key	crates/z00z_wallets/tests/test_rpc_wiring_spec_a.rs	389	test_wallet_key_master_key
915	test fn	wallet_storage_export_storage_missing	crates/z00z_wallets/tests/test_rpc_wiring_spec_a.rs	534	test_wallet_storage_storage_missing
917	test fn	wallet_asset_send_asset_missing	crates/z00z_wallets/tests/test_rpc_wiring_spec_a.rs	571	test_wallet_asset_asset_missing
919	test fn	seeded_rng_scope_stays_bounded	crates/z00z_wallets/tests/test_s5_closure_gate.rs	218	test_seeded_rng_stays_bounded
921	test fn	test_s5_card_strict_needs_card_ok	crates/z00z_wallets/tests/test_s5_misuse_gate.rs	152	test_s5_card_card_ok
923	test fn	test_s5_card_strict_rejects_tentative_pin	crates/z00z_wallets/tests/test_s5_misuse_gate.rs	207	test_s5_card_tentative_pin
925	test fn	test_s5_card_strict_rejects_bad_view_pk	crates/z00z_wallets/tests/test_s5_misuse_gate.rs	266	test_s5_card_view_pk
927	test fn	test_s5_card_strict_rejects_revoked_pin	crates/z00z_wallets/tests/test_s5_misuse_gate.rs	323	test_s5_card_revoked_pin
929	test fn	test_s5_card_strict_rejects_expired_pin	crates/z00z_wallets/tests/test_s5_misuse_gate.rs	379	test_s5_card_expired_pin
931	test fn	test_s5_card_strict_rejects_request_only_placeholder_pin	crates/z00z_wallets/tests/test_s5_misuse_gate.rs	450	test_s5_card_placeholder_pin
933	test fn	raw_snapshot_import_is_rejected	crates/z00z_wallets/tests/test_seed_salt_policy.rs	142	test_raw_snapshot_is_rejected
935	test fn	spend_nullifier_is_deterministic_in_scope	crates/z00z_wallets/tests/test_spend_nullifier_semantics.rs	67	test_spend_nullifier_in_scope
937	test fn	spend_nullifier_stays_distinct_from_claim_nullifier	crates/z00z_wallets/tests/test_spend_nullifier_semantics.rs	87	test_spend_nullifier_claim_nullifier
939	test fn	spend_rules_reject_wrong_nullifier_for_same_input	crates/z00z_wallets/tests/test_spend_nullifier_semantics.rs	112	test_spend_rules_same_input
941	test fn	legacy_empty_spend_carrier_is_not_treated_as_valid_phase040_output	crates/z00z_wallets/tests/test_spend_proof_wire.rs	63	test_legacy_valid_phase040_output
943	test fn	spend_proof_wire_missing_suite_field_rejects_decode	crates/z00z_wallets/tests/test_spend_proof_wire.rs	98	test_spend_proof_missing_suite
945	test fn	spend_proof_wire_missing_proof_blob_field_rejects_decode	crates/z00z_wallets/tests/test_spend_proof_wire.rs	139	test_spend_proof_missing_blob
947	test fn	spend_proof_wire_opaque_blob_is_not_stub_pinned	crates/z00z_wallets/tests/test_spend_proof_wire.rs	182	test_spend_not_stub_pinned
949	test fn	spend_proof_wire_noncanonical_statement_hex_rejects	crates/z00z_wallets/tests/test_spend_proof_wire.rs	214	test_spend_statement_hex_rejects
951	test fn	producer_contract_verifies	crates/z00z_wallets/tests/test_spend_prover_contract.rs	121	test_producer_contract_verifies
953	test fn	builder_rejects_empty_inputs	crates/z00z_wallets/tests/test_spend_prover_contract.rs	148	test_builder_rejects_empty_inputs
955	test fn	builder_rejects_input_mismatch	crates/z00z_wallets/tests/test_spend_prover_contract.rs	174	test_builder_rejects_input_mismatch
957	test fn	builder_rejects_bad_witness	crates/z00z_wallets/tests/test_spend_prover_contract.rs	207	test_builder_rejects_bad_witness
959	test fn	builder_rejects_bad_rules	crates/z00z_wallets/tests/test_spend_prover_contract.rs	233	test_builder_rejects_bad_rules
961	test fn	producer_rejects_mismatched_input_asset_binding	crates/z00z_wallets/tests/test_spend_prover_contract.rs	272	test_producer_input_asset_binding
963	test fn	statement_binding_rejects_fee_drift_after_auth	crates/z00z_wallets/tests/test_spend_statement.rs	74	test_statement_fee_drift_auth
965	test fn	statement_binding_rejects_output_field_drift	crates/z00z_wallets/tests/test_spend_statement.rs	108	test_statement_output_field_drift
967	test fn	statement_binding_rejects_tx_version_drift	crates/z00z_wallets/tests/test_spend_statement.rs	141	test_statement_tx_version_drift
969	test fn	statement_binding_rejects_unversioned_proof_transcript	crates/z00z_wallets/tests/test_spend_statement.rs	175	test_statement_unversioned_proof_transcript
971	test fn	package_digest_ignores_spend_auth_fields	crates/z00z_wallets/tests/test_spend_statement.rs	210	test_package_spend_auth_fields
973	test fn	package_digest_rejects_noncanonical_input_asset_id_hex	crates/z00z_wallets/tests/test_spend_statement.rs	272	test_package_asset_id_hex
975	test fn	package_digest_ignores_malformed_excluded_spend_blobs	crates/z00z_wallets/tests/test_spend_statement.rs	325	test_package_excluded_spend_blobs
977	test fn	test_public_rejects_missing_nullifier_value	crates/z00z_wallets/tests/test_spend_witness_gate.rs	403	test_public_rejects_nullifier_value
979	test fn	public_spend_verifier_rejects_invalid_prev_root_hex	crates/z00z_wallets/tests/test_tx_proof_verifier.rs	9	test_public_prev_root_hex
981	test fn	public_spend_verifier_rejects_noncanonical_input_nullifier_hex	crates/z00z_wallets/tests/test_tx_proof_verifier.rs	54	test_public_input_nullifier_hex
983	test fn	public_spend_verifier_rejects_malformed_proof_blob	crates/z00z_wallets/tests/test_tx_proof_verifier.rs	96	test_public_malformed_proof_blob
985	test fn	public_spend_verifier_rejects_missing_output_leaf_ad_id	crates/z00z_wallets/tests/test_tx_proof_verifier.rs	134	test_public_leaf_ad_id
987	test fn	public_spend_verifier_rejects_input_output_leaf_overlap	crates/z00z_wallets/tests/test_tx_proof_verifier.rs	174	test_public_output_leaf_overlap
989	test fn	shallow_services_keep_limit_contract	crates/z00z_wallets/tests/test_wallet_service_errors.rs	124	test_shallow_services_limit_contract
991	test fn	list_addresses_use_persisted_chain	crates/z00z_wallets/tests/test_wallet_service_errors.rs	165	test_list_addresses_persisted_chain
993	file	stealth_consistency.rs	crates/z00z_core/tests/assets/stealth_consistency.rs	—	test_stealth_consistency.rs
994	file	corrupted_data_handling.rs	crates/z00z_crypto/tests/corrupted_data_handling.rs	—	test_corrupted_data_handling.rs
995	file	hash_zk_snapshots.rs	crates/z00z_crypto/tests/hash_zk_snapshots.rs	—	test_hash_zk_snapshots.rs
996	file	perf_guards.rs	crates/z00z_crypto/tests/perf_guards.rs	—	test_perf_guards.rs
997	file	security_edge_cases.rs	crates/z00z_crypto/tests/security_edge_cases.rs	—	test_security_edge_cases.rs
998	file	zkpack_domain_verification.rs	crates/z00z_crypto/tests/zkpack_domain_verification.rs	—	test_zkpack_domain_verification.rs
999	fn	assert_scan_result_timestamp_in_window	crates/z00z_wallets/src/core/address/optimized_scanner.rs	297	assert_scan_result_in_window
1000	fn	build_output_core_for_fixed_sender_inputs	crates/z00z_wallets/src/core/stealth/test_output.rs	129	build_fixed_sender_output_core
1001	fn	build_output_state_with_r_and_rng	crates/z00z_wallets/src/core/stealth/output_build.rs	194	build_output_state_with_rng
1002	fn	build_tx_stealth_output_with_serial	crates/z00z_wallets/src/core/stealth/output.rs	537	build_tx_stealth_output_serial
1003	fn	decode_tx_input_asset_id_hex	crates/z00z_wallets/src/core/tx/tx_wire_types.rs	197	decode_tx_input_asset_id
1004	test fn	scenario1_roundtrip_rejects_canonical_chain_scope_tamper_before_stage11	crates/z00z_simulator/tests/test_scenario1_tx_proof_roundtrip.rs	81	test_scenario1_canonical_chain_tamper
1005	test fn	stage11_keeps_checkpoint_apply_as_second_seam	crates/z00z_simulator/tests/test_checkpoint_acceptance.rs	333	test_stage11_checkpoint_second_seam
1006	test fn	test_artifact_decoder_rejects_noncanonical_suite	crates/z00z_wallets/tests/test_spend_proof_backend.rs	343	test_artifact_decoder_noncanonical_suite
1007	test fn	test_backend_rejects_membership_leaf_tamper	crates/z00z_wallets/tests/test_spend_proof_backend.rs	260	test_backend_membership_leaf_tamper
1008	test fn	test_backend_rejects_membership_path_tamper	crates/z00z_wallets/tests/test_spend_proof_backend.rs	241	test_backend_membership_path_tamper
1009	test fn	test_backend_rejects_membership_proof_tamper	crates/z00z_wallets/tests/test_spend_proof_backend.rs	227	test_backend_membership_proof_tamper
1010	test fn	test_backend_rejects_noncanonical_suite_artifact	crates/z00z_wallets/tests/test_spend_proof_backend.rs	330	test_backend_noncanonical_suite_artifact
1011	test fn	test_backend_rejects_prev_root_tamper	crates/z00z_wallets/tests/test_spend_proof_backend.rs	211	test_backend_prev_root_tamper
1012	test fn	test_backend_rejects_range_relation_tamper	crates/z00z_wallets/tests/test_spend_proof_backend.rs	303	test_backend_range_relation_tamper
1013	test fn	test_backend_rejects_statement_only_stmt	crates/z00z_wallets/tests/test_spend_proof_backend.rs	198	test_backend_statement_only_stmt
1014	test fn	test_backend_rejects_theorem_payload_drift	crates/z00z_wallets/tests/test_spend_proof_backend.rs	95	test_backend_theorem_payload_drift
1015	test fn	test_backend_rejects_wrong_prefix_artifact	crates/z00z_wallets/tests/test_spend_proof_backend.rs	317	test_backend_wrong_prefix_artifact
1016	test fn	test_package_digest_asset_id_hex	crates/z00z_wallets/tests/test_spend_statement.rs	273	test_package_digest_id_hex
1017	test fn	test_phase040_theorem_boundary_tracks_final_closure	crates/z00z_simulator/tests/test_scenario1_stage_surface.rs	745	test_phase040_theorem_boundary_closure
1018	test fn	test_recv_claim_asset_rejects_invalid_owner_signature	crates/z00z_wallets/src/services/test_wallet_service_suite.rs	1107	test_recv_claim_invalid_signature
1019	test fn	test_shortcuts_stay_out_of_live_tx_package_surface	crates/z00z_simulator/tests/test_scenario1_stage_surface.rs	706	test_shortcuts_tx_package_surface
1020	test fn	test_support_fixture_keeps_theorem_public_inputs_aligned	crates/z00z_wallets/tests/test_spend_proof_backend.rs	352	test_support_public_inputs_aligned
1021	test fn	test_verifier_bad_output_range_proof	crates/z00z_wallets/tests/test_tx_proof_verifier.rs	324	test_verifier_output_range_proof
1022	test fn	test_verifier_missing_output_owner_tag	crates/z00z_wallets/tests/test_tx_proof_verifier.rs	267	test_verifier_missing_owner_tag
1023	test fn	test_verifier_missing_output_r_pub	crates/z00z_wallets/tests/test_tx_proof_verifier.rs	244	test_verifier_missing_r_pub
1024	test fn	test_verifier_output_leaf_ad_drift_rejects_statement	crates/z00z_wallets/tests/test_tx_proof_verifier.rs	290	test_verifier_output_drift_statement
1025	test fn	test_verifier_rejects_noncanonical_suite_artifact	crates/z00z_wallets/tests/test_tx_proof_verifier.rs	203	test_verifier_noncanonical_suite_artifact
1026	test fn	test_verifier_rejects_wrong_prefix_artifact	crates/z00z_wallets/tests/test_tx_proof_verifier.rs	185	test_verifier_wrong_prefix_artifact
1027	fn	verify_spend_witness_gate_with_membership	crates/z00z_simulator/src/scenario_1/stage_4_utils/tx_validation_gates.rs	186	verify_spend_witness_gate_membership
1028	fn	write_claim_pkg_bundle_with_auth	crates/z00z_simulator/tests/test_claim_pkg_crypto_support.rs	195	write_claim_bundle_with_auth
1029	test fn	stage11_rejects_root_drift	crates/z00z_simulator/tests/test_checkpoint_acceptance.rs	402	test_stage11_rejects_root_drift
1030	fn	verify_spend_witness_gate_with_membership	crates/z00z_wallets/src/core/tx/witness_gate.rs	324	verify_spend_witness_gate_membership
